{
  "project_info": {
    "project_number": "733892140575",
    "project_id": "fdbapp2025",
    "storage_bucket": "fdbapp2025.firebasestorage.app"
  },
  "client": [
    {
      "client_info": {
        "mobilesdk_app_id": "1:733892140575:android:ff7f25452b86b777727f2a",
        "android_client_info": {
          "package_name": "com.example.firebase2025"
        }
      },
      "oauth_client": [],
      "api_key": [
        {
          "current_key": "AIzaSyDNsJcX5eTgZv0JMRvNK4mkdvYDPAetxsw"
        }
      ],
      "services": {
        "appinvite_service": {
          "other_platform_oauth_client": []
        }
      }
    }
  ],
  "configuration_version": "1"
}